<?xml version="1.0" encoding="UTF-8"?>
<efrbr:recordSet xmlns:xsi="http://www.w3.org/2001/XMLSchema-instance" 
                 xmlns:efrbr="http://vfrbr.info/efrbr/1.1"
                 xmlns:efrbr-work="http://vfrbr.info/efrbr/1.1/work"
                 xmlns:efrad-work="http://vfrbr.info/efrad/1.1/work"
                 xmlns:efrbr-expression="http://vfrbr.info/efrbr/1.1/expression"
                 xmlns:efrbr-manifestation="http://vfrbr.info/efrbr/1.1/manifestation"
                 xmlns:efrbr-item="http://vfrbr.info/efrbr/1.1/item"
                 xmlns:efrad-item="http://vfrbr.info/efrad/1.1/item"
                 xmlns:efrbr-person="http://vfrbr.info/efrbr/1.1/person"
                 xmlns:efrad-person="http://vfrbr.info/efrad/1.1/person"
                 xmlns:efrbr-family="http://vfrbr.info/efrbr/1.1/family"
                 xmlns:efrad-family="http://vfrbr.info/efrad/1.1/family"
                 xmlns:efrbr-corporateBody="http://vfrbr.info/efrbr/1.1/corporateBody"
                 xmlns:efrad-corporateBody="http://vfrbr.info/efrad/1.1/corporateBody"
                 xmlns:efrbr-concept="http://vfrbr.info/efrbr/1.1/concept"
                 xmlns:efrbr-object="http://vfrbr.info/efrbr/1.1/object"
                 xmlns:efrbr-event="http://vfrbr.info/efrbr/1.1/event"
                 xmlns:efrbr-place="http://vfrbr.info/efrbr/1.1/place"

                 xmlns:efrbr-structure="http://vfrbr.info/efrbr/1.1/structure"
                 xmlns:efrbr-responsible="http://vfrbr.info/efrbr/1.1/responsible"
                 xmlns:efrbr-subject="http://vfrbr.info/efrbr/1.1/subject"
                 xmlns:efrbr-other="http://vfrbr.info/efrbr/1.1/other"
                 xmlns:efrad-other="http://vfrbr.info/efrad/1.1/other"
                 
                 xsi:schemaLocation="http://vfrbr.info/efrbr/1.1 ./efrbr.xsd">

  <efrbr:entities>
    <efrbr-work:work identifier="http://vfrbr.info/work/1">
      <efrbr-work:titleOfTheWork type="uniform" offset="3" vocabulary="naf">El Salón
                México
      </efrbr-work:titleOfTheWork>
      <efrbr-work:formOfWork vocabulary="marcformofcomposition">Orchestral
                music
      </efrbr-work:formOfWork>
      <efrbr-work:dateOfTheWork type="range" normal="1932/1936">1932 to
                1936
      </efrbr-work:dateOfTheWork>
      <efrbr-work:mediumOfPerformance quantity="1" vocabulary="aacr2">Orchestra</efrbr-work:mediumOfPerformance>
      <efrad-work:subjectOfTheWork vocabulary="lcsh">Orchestral
                music
      </efrad-work:subjectOfTheWork>
      <efrad-work:history>The work is a musical depiction of an eponymous dance hall in Mexico
                City and even carries the subtitle, "A Popular Type Dance Hall in Mexico City."
                Copland began the work in 1932 and completed it in 1936. The Mexico Symphony
                Orchestra gave the first performance under the direction of Carlos Chávez (1937).
                The piece was premiered in the U.S. in 1938. Although Copland visited Mexico early
                in the 1930s, he based this tone poem not on songs he heard there, but rather on
                written sheet music for at least four Mexican folk songs that he had obtained: "El
                Palo Verde," "La Jesusita," "El Mosco," and "El Malacate." At least two arrangements
                of the piece exist in addition to the orchestral score. Copland adapted the work for
                the 1947 musical film Fiesta, directed by Richard Thorpe for MGM. Leonard Bernstein
                created arrangements for solo piano and for two pianos, four-hands very shortly
                after the premiere. (Source: http://en.wikipedia.org/wiki/El_Salon_Mexico. Accessed
                1/26/2010)
      </efrad-work:history>
      <efrad-work:history>First performance date: 1937-08-27</efrad-work:history>
    </efrbr-work:work>

    <efrbr-work:work identifier="http://vfrbr.info/work/2">
      <efrbr-work:titleOfTheWork type="uniform" offset="0" vocabulary="naf">Concertos,
                clarinet, string orchestra
      </efrbr-work:titleOfTheWork>
      <efrbr-work:formOfWork vocabulary="marcformofcomposition">Concertos</efrbr-work:formOfWork>
      <efrbr-work:dateOfTheWork type="range" normal="1947/1948">1947 to
                1948
      </efrbr-work:dateOfTheWork>
      <efrbr-work:mediumOfPerformance quantity="1" vocabulary="aacr2">Clarinet</efrbr-work:mediumOfPerformance>
      <efrbr-work:mediumOfPerformance quantity="1" vocabulary="aacr2">String
                Orchestra
      </efrbr-work:mediumOfPerformance>
      <efrad-work:subjectOfTheWork vocabulary="lcsh">Concertos (Clarinet with string
                orchestra)
      </efrad-work:subjectOfTheWork>
      <efrad-work:placeOfOriginOfTheWork jurisdiction="city" normal="Rio de Janeiro (Brazil)" vocabulary="lcsh">Rio de Janeiro, Brasil</efrad-work:placeOfOriginOfTheWork>
      <efrad-work:history>First performance date: 1950-11-06</efrad-work:history>
      <efrad-work:history>"It was in Rio de Janeiro in 1947 that [Copland] began work on his
                Clarinet Concerto, which had been commissioned by the great jazz clarinettist and
                bandleader Benny Goodman." (Program notes)
      </efrad-work:history>
    </efrbr-work:work>

    <efrbr-work:work identifier="http://vfrbr.info/work/3">
      <efrbr-work:titleOfTheWork type="uniform" offset="0" vocabulary="naf">Music for the
                theatre
      </efrbr-work:titleOfTheWork>
      <efrbr-work:formOfWork vocabulary="marcformofcomposition">Suite</efrbr-work:formOfWork>
      <efrbr-work:dateOfTheWork type="single" normal="1925">1925</efrbr-work:dateOfTheWork>
      <efrbr-work:mediumOfPerformance quantity="1" vocabulary="aacr2">Chamber
                Orchestra
      </efrbr-work:mediumOfPerformance>
      <efrad-work:subjectOfTheWork vocabulary="lcsh">Suites (Chamber
                orchestra)
      </efrad-work:subjectOfTheWork>
      <efrad-work:history>First performance date: 1925-11-20</efrad-work:history>
      <efrbr-work:note type="critical" avail="public">"The title indicates not that the music
                was written for a particular play, but simply that it evokes the general atmosphere
                of the theatre of the time - including, in the fourth movement, the low-life
                burlesque." (Program notes)
      </efrbr-work:note>
    </efrbr-work:work>

    <efrbr-work:work identifier="http://vfrbr.info/work/4">
      <efrbr-work:titleOfTheWork type="uniform" offset="0" vocabulary="naf">Connotations</efrbr-work:titleOfTheWork>
      <efrbr-work:formOfWork vocabulary="marcformofcomposition">Orchestral
                music
      </efrbr-work:formOfWork>
      <efrbr-work:dateOfTheWork type="single" normal="1962">1962</efrbr-work:dateOfTheWork>
      <efrbr-work:mediumOfPerformance quantity="1" vocabulary="aacr2">Orchestra</efrbr-work:mediumOfPerformance>
      <efrad-work:subjectOfTheWork vocabulary="lcsh">Orchestral
                music
      </efrad-work:subjectOfTheWork>
      <efrad-work:history>First performance date: 1962-09-23</efrad-work:history>
    </efrbr-work:work>

    <efrbr-expression:expression identifier="http://vfrbr.info/expression/1">
      <efrbr-expression:titleOfTheExpression type="uniform" offset="3" vocabulary="naf">El
                Salón México
      </efrbr-expression:titleOfTheExpression>
      <efrbr-expression:formOfExpression vocabulary="vfrbrformofexpression">Musical
                sound
      </efrbr-expression:formOfExpression>
      <efrbr-expression:dateOfExpression type="single" normal="1989-10">1989-10</efrbr-expression:dateOfExpression>
      <efrbr-expression:extentOfTheExpression>12:00</efrbr-expression:extentOfTheExpression>
      <efrbr-expression:mediumOfPerformance quantity="1" vocabulary="marcmediumofperformance">Orchestra</efrbr-expression:mediumOfPerformance>
    </efrbr-expression:expression>

    <efrbr-expression:expression identifier="http://vfrbr.info/expression/2">
      <efrbr-expression:titleOfTheExpression type="uniform" offset="0" vocabulary="naf">Concertos, clarinet, string orchestra</efrbr-expression:titleOfTheExpression>
      <efrbr-expression:formOfExpression vocabulary="vfrbrformofexpression">Musical
                sound
      </efrbr-expression:formOfExpression>
      <efrbr-expression:dateOfExpression type="single" normal="1989-10">1989-10</efrbr-expression:dateOfExpression>
      <efrbr-expression:extentOfTheExpression>18:00</efrbr-expression:extentOfTheExpression>
      <efrbr-expression:mediumOfPerformance quantity="1" vocabulary="marcmediumofperformance">Clarinet</efrbr-expression:mediumOfPerformance>
      <efrbr-expression:mediumOfPerformance quantity="1" vocabulary="marcmediumofperformance">String Orchestra</efrbr-expression:mediumOfPerformance>
    </efrbr-expression:expression>

    <efrbr-expression:expression identifier="http://vfrbr.info/expression/3">
      <efrbr-expression:titleOfTheExpression type="uniform" offset="0" vocabulary="naf">Music
                for the theatre
      </efrbr-expression:titleOfTheExpression>
      <efrbr-expression:formOfExpression vocabulary="vfrbrformofexpression">Musical
                sound
      </efrbr-expression:formOfExpression>
      <efrbr-expression:dateOfExpression type="single" normal="1989-10">1989-10</efrbr-expression:dateOfExpression>
      <efrbr-expression:extentOfTheExpression>24:00</efrbr-expression:extentOfTheExpression>
      <efrbr-expression:mediumOfPerformance quantity="1" vocabulary="marcmediumofperformance">Chamber Orchestra</efrbr-expression:mediumOfPerformance>
    </efrbr-expression:expression>

    <efrbr-expression:expression identifier="http://vfrbr.info/expression/4">
      <efrbr-expression:titleOfTheExpression type="uniform" offset="0" vocabulary="naf">Connotations</efrbr-expression:titleOfTheExpression>
      <efrbr-expression:formOfExpression vocabulary="vfrbrformofexpression">Musical
                sound
      </efrbr-expression:formOfExpression>
      <efrbr-expression:dateOfExpression type="single" normal="1989-10">1989-10</efrbr-expression:dateOfExpression>
      <efrbr-expression:extentOfTheExpression>20:29</efrbr-expression:extentOfTheExpression>
      <efrbr-expression:mediumOfPerformance quantity="1" vocabulary="marcmediumofperformance">Orchestra</efrbr-expression:mediumOfPerformance>
    </efrbr-expression:expression>

    <efrbr-manifestation:manifestation identifier="http://vfrbr.info/manifestation/1">
      <efrbr-manifestation:titleOfTheManifestation type="transcribed" offset="3">El salón
                México ; Concerto for clarinet ; Music for the theatre ;
                Connotations
      </efrbr-manifestation:titleOfTheManifestation>
      <efrbr-manifestation:statementOfResponsibility>Aaron
                Copland
      </efrbr-manifestation:statementOfResponsibility>
      <efrbr-manifestation:publicationDistribution>
        <efrbr-manifestation:placeOfPublicationDistribution type="publication" jurisdiction="city" normal="Hamburg (Germany)" vocabulary="lcsh">Hamburg,
                    [Germany]
        </efrbr-manifestation:placeOfPublicationDistribution>
        <efrbr-manifestation:publisherDistributor type="publisher" normal="Deutsche Grammophon">Deutsche
                    Grammophon
        </efrbr-manifestation:publisherDistributor>
        <efrbr-manifestation:dateOfPublicationDistribution normal="1991">1991</efrbr-manifestation:dateOfPublicationDistribution>
      </efrbr-manifestation:publicationDistribution>
      <efrbr-manifestation:formOfCarrier vocabulary="marcmaterial">Compact
                Disc
      </efrbr-manifestation:formOfCarrier>
      <efrbr-manifestation:extentOfTheCarrier>1 sound
                disc
      </efrbr-manifestation:extentOfTheCarrier>
      <efrbr-manifestation:physicalMedium>Plastic with
                metal
      </efrbr-manifestation:physicalMedium>
      <efrbr-manifestation:captureMode vocabulary="marccapture">Digital
                storage
      </efrbr-manifestation:captureMode>
      <efrbr-manifestation:dimensionsOfTheCarrier vocabulary="marcdimensions">4 3/4
                in.
      </efrbr-manifestation:dimensionsOfTheCarrier>
      <efrbr-manifestation:manifestationIdentifier type="publicationnumber">Deutsche
                Grammophon:431 672-2
      </efrbr-manifestation:manifestationIdentifier>
      <efrbr-manifestation:manifestationIdentifier type="upc">2894316722</efrbr-manifestation:manifestationIdentifier>
      <efrbr-manifestation:manifestationIdentifier type="oclcnumber">(OCoLC)ocm25003614</efrbr-manifestation:manifestationIdentifier>
      <efrbr-manifestation:playingSpeed vocabulary="marcspeed">1.4 m. per
                sec.
      </efrbr-manifestation:playingSpeed>
      <efrbr-manifestation:kindOfSound vocabulary="marcplaybackchannel">Stereophonic</efrbr-manifestation:kindOfSound>
      <efrbr-manifestation:specialReproductionCharacteristic vocabulary="marcspecialplayback">Digital recording</efrbr-manifestation:specialReproductionCharacteristic>
      <efrbr-manifestation:note type="programnotes" avail="public">Program notes by Leonard
                Bernstein and Anthony Burton (3 p.) inserted in
                container.
      </efrbr-manifestation:note>
    </efrbr-manifestation:manifestation>

    <efrbr-manifestation:manifestation identifier="http://vfrbr.info/manifestation/2">
      <efrbr-manifestation:titleOfTheManifestation type="transcribed" offset="3">El salón
                México ; Concerto for clarinet ; Music for the theatre ;
                Connotations
      </efrbr-manifestation:titleOfTheManifestation>
      <efrbr-manifestation:statementOfResponsibility>Aaron
                Copland
      </efrbr-manifestation:statementOfResponsibility>
      <efrbr-manifestation:publicationDistribution>
        <efrbr-manifestation:placeOfPublicationDistribution type="distribution" jurisdiction="city" normal="Bloomington (Ind.)" vocabulary="lcsh">Bloomington,
                    IN
        </efrbr-manifestation:placeOfPublicationDistribution>
        <efrbr-manifestation:publisherDistributor type="distributor" normal="William and Gayle Cook Music                     Library" vocabulary="naf">IU Music Library</efrbr-manifestation:publisherDistributor>
        <efrbr-manifestation:dateOfPublicationDistribution normal="1999-04-01">1999-04-01</efrbr-manifestation:dateOfPublicationDistribution>
      </efrbr-manifestation:publicationDistribution>
      <efrbr-manifestation:seriesStatement>Variations</efrbr-manifestation:seriesStatement>
      <efrbr-manifestation:formOfCarrier vocabulary="marcmaterial">Remote</efrbr-manifestation:formOfCarrier>
      <efrbr-manifestation:captureMode vocabulary="marccapture">Digital
                storage
      </efrbr-manifestation:captureMode>
      <efrbr-manifestation:manifestationIdentifier type="variationsid">ACM2567</efrbr-manifestation:manifestationIdentifier>
      <efrbr-manifestation:sourceForAcquisitionAccessAuthorization>IU Music
                Library
      </efrbr-manifestation:sourceForAcquisitionAccessAuthorization>
      <efrbr-manifestation:accessRestrictionsOnTheManifestation type="accessrestriction">To be
                used in the IU Music Library or by registered
                students.
      </efrbr-manifestation:accessRestrictionsOnTheManifestation>
      <efrbr-manifestation:kindOfSound vocabulary="marcplaybackchannel">Stereophonic</efrbr-manifestation:kindOfSound>
      <efrbr-manifestation:systemRequirements>Windows XP, Windows 2000, Windows Vista, or Mac
                OS X. QuickTime 7.
      </efrbr-manifestation:systemRequirements>
      <efrbr-manifestation:fileCharacteristics>.mp3</efrbr-manifestation:fileCharacteristics>
      <efrbr-manifestation:modeOfAccess vocabulary="vfrbrmodeofaccess">World Wide
                Web
      </efrbr-manifestation:modeOfAccess>
      <efrbr-manifestation:accessAddress>http://www.music.indiana.edu/cgi-bin/var/access?ACM2567</efrbr-manifestation:accessAddress>
    </efrbr-manifestation:manifestation>

    <efrbr-item:item identifier="http://vfrbr.info/item/1">
      <efrbr-item:accessRestrictionsOnTheItem>Restricted
                access
      </efrbr-item:accessRestrictionsOnTheItem>
      <efrad-item:locationOfItem timeframe="current" availability="public">Woodward
                Collection, IU Music Library
      </efrad-item:locationOfItem>
    </efrbr-item:item>

    <efrbr-item:item identifier="http://vfrbr.info/item/2">
      <efrbr-item:itemIdentifier>ACM2567</efrbr-item:itemIdentifier>
      <efrbr-item:accessRestrictionsOnTheItem>Restricted
                access
      </efrbr-item:accessRestrictionsOnTheItem>
    </efrbr-item:item>

    <efrbr-person:person identifier="http://vfrbr.info/person/1">
      <efrbr-person:nameOfPerson type="authorized" vocabulary="naf">Bernstein,
                Leonard
      </efrbr-person:nameOfPerson>
      <efrbr-person:nameOfPerson type="variant" vocabulary="naf">Amber,
                Lenny
      </efrbr-person:nameOfPerson>
      <efrbr-person:nameOfPerson type="variant" vocabulary="naf">Bernstaĭn,
                Leonard
      </efrbr-person:nameOfPerson>
      <efrbr-person:nameOfPerson type="variant" vocabulary="naf">Bernstein, L.
                (Leonard)
      </efrbr-person:nameOfPerson>
      <efrbr-person:nameOfPerson type="variant" vocabulary="naf">Bernstein,
                Lenny
      </efrbr-person:nameOfPerson>
      <efrbr-person:datesOfPerson type="range" normal="1918/1990">1918-1990</efrbr-person:datesOfPerson>
      <efrad-person:gender vocabulary="vfrbrgender">Male</efrad-person:gender>
      <efrad-person:placeOfBirth jurisdiction="city" normal="Lawrence (Mass.)" vocabulary="lcsh">Lawrence, MA</efrad-person:placeOfBirth>
      <efrad-person:placeOfDeath jurisdiction="city" normal="New York (N.Y.)" vocabulary="lcsh">New York, NY</efrad-person:placeOfDeath>
      <efrad-person:country normal="United States" vocabulary="lcsh">USA</efrad-person:country>
      <efrad-person:placeOfResidence normal="Lawrence (Mass.)" vocabulary="lcsh" timeframe="former">Lawrence, MA</efrad-person:placeOfResidence>
      <efrad-person:placeOfResidence normal="Boston (Mass.)" vocabulary="lcsh" timeframe="former">Boston, MA</efrad-person:placeOfResidence>
      <efrad-person:placeOfResidence normal="Philadelphia (Pa.)" vocabulary="lcsh" timeframe="former">Philadelphia, PA</efrad-person:placeOfResidence>
      <efrad-person:placeOfResidence normal="New York (N.Y.)" vocabulary="lcsh" timeframe="former">New York, NY</efrad-person:placeOfResidence>
      <efrad-person:languageOfPerson normal="eng" vocabulary="iso639-2b">English</efrad-person:languageOfPerson>
      <efrad-person:professionOccupation>Author</efrad-person:professionOccupation>
      <efrad-person:professionOccupation>Composer</efrad-person:professionOccupation>
      <efrad-person:professionOccupation>Conductor</efrad-person:professionOccupation>
      <efrad-person:professionOccupation>Educator</efrad-person:professionOccupation>
      <efrad-person:professionOccupation>Pianist</efrad-person:professionOccupation>
      <efrad-person:biographyHistory>American composer and conductor. He studied with Walter
                Piston and Edward Burlingame Hill at Harvard University (1935–9) and with Fritz
                Reiner (conducting), Randall Thompson (orchestration), and Isabelle Vengerova
                (piano) at the Curtis Institute, Philadelphia (1939–41). He also studied conducting
                under Koussevitzky at the Tanglewood summer schools (1940–3). In 1943 he made a
                highly successful debut, substituting for Bruno Walter at a New York Philharmonic
                concert; this launched him on his international career as a conductor and eventually
                led to his appointment as music director of the orchestra (1958–68) (Source: The
                Oxford Companion to Music, Oxford Music Online. Accessed 3/1/2010).
      </efrad-person:biographyHistory>
    </efrbr-person:person>

    <efrbr-person:person identifier="http://vfrbr.info/person/2">
      <efrbr-person:nameOfPerson type="authorized" vocabulary="naf">Drucker,
                Stanley
      </efrbr-person:nameOfPerson>
      <efrbr-person:datesOfPerson type="single" normal="1929" function="birth">1929-</efrbr-person:datesOfPerson>
      <efrad-person:gender vocabulary="vfrbrgender">Male</efrad-person:gender>
      <efrad-person:placeOfBirth jurisdiction="city" normal="New York (N.Y.)" vocabulary="lcsh">New York, NY</efrad-person:placeOfBirth>
      <efrad-person:country normal="United States" vocabulary="lcsh">USA</efrad-person:country>
      <efrad-person:placeOfResidence normal="New York (N.Y.)" vocabulary="lcsh" timeframe="current">New York, NY</efrad-person:placeOfResidence>
      <efrad-person:placeOfResidence normal="Philadelphia (Pa.)" vocabulary="lcsh" timeframe="former">Philadelphia, PA</efrad-person:placeOfResidence>
      <efrad-person:placeOfResidence normal="Indianapolis (Ind.)" vocabulary="lcsh" timeframe="former">Indianapolis, IN</efrad-person:placeOfResidence>
      <efrad-person:placeOfResidence normal="Buffalo (N.Y.)" vocabulary="lcsh" timeframe="former">Buffalo, NY</efrad-person:placeOfResidence>
      <efrad-person:languageOfPerson normal="eng" vocabulary="iso639-2b">English</efrad-person:languageOfPerson>
      <efrad-person:professionOccupation>Clarinetist</efrad-person:professionOccupation>
      <efrad-person:biographyHistory>On June 4, 2009, Drucker was awarded a Guinness World
                Record for longest career as a clarinetist after [his] performance of Aaron
                Copland's Clarinet Concerto. Guinness logs his career at "62 years, 7 months and 1
                day as of June 4, 2009" (Source: http://en.wikipedia.org/wiki/Stanley_Drucker.
                Accessed 1/26/2010).
      </efrad-person:biographyHistory>
    </efrbr-person:person>

    <efrbr-person:person identifier="http://vfrbr.info/person/3">
      <efrbr-person:nameOfPerson type="authorized" vocabulary="naf">Copland,
                Aaron
      </efrbr-person:nameOfPerson>
      <efrbr-person:nameOfPerson type="variant" vocabulary="naf">Koplend,
                Aaron
      </efrbr-person:nameOfPerson>
      <efrbr-person:nameOfPerson type="variant" vocabulary="naf">Kopland,
                Aaron
      </efrbr-person:nameOfPerson>
      <efrbr-person:datesOfPerson type="range" normal="1900/1990">1900-1990</efrbr-person:datesOfPerson>
      <efrad-person:gender vocabulary="vfrbrgender">Male</efrad-person:gender>
      <efrad-person:placeOfBirth jurisdiction="city" normal="New York (N.Y.)" vocabulary="lcsh">New York, NY</efrad-person:placeOfBirth>
      <efrad-person:placeOfDeath jurisdiction="city" normal="Sleepy Hollow (N.Y.)" vocabulary="lcsh">North Tarrytown, NY</efrad-person:placeOfDeath>
      <efrad-person:country normal="United States" vocabulary="lcsh">USA</efrad-person:country>
      <efrad-person:placeOfResidence normal="New York (N.Y.)" vocabulary="lcsh" timeframe="former">New York, NY</efrad-person:placeOfResidence>
      <efrad-person:placeOfResidence normal="Paris (France)" vocabulary="lcsh" timeframe="former">Paris, France</efrad-person:placeOfResidence>
      <efrad-person:placeOfResidence normal="Mexico" vocabulary="lcsh" timeframe="former">Mexico</efrad-person:placeOfResidence>
      <efrad-person:placeOfResidence normal="Ossining (N.Y.)" vocabulary="lcsh" timeframe="former">Ossining, NY</efrad-person:placeOfResidence>
      <efrad-person:placeOfResidence normal="Peekskill (N.Y.)" vocabulary="lcsh" timeframe="former">Rock Hill, Peekskill, NY</efrad-person:placeOfResidence>
      <efrad-person:affiliation type="membership">New York’s League of
                Composers
      </efrad-person:affiliation>
      <efrad-person:affiliation type="membership">ACA (leadership,
                1939–45)
      </efrad-person:affiliation>
      <efrad-person:affiliation type="membership">AMC (co-founded,
                1939)
      </efrad-person:affiliation>
      <efrad-person:languageOfPerson normal="eng" vocabulary="iso639-2b">English</efrad-person:languageOfPerson>
      <efrad-person:fieldOfActivity type="expertise">Ballet</efrad-person:fieldOfActivity>
      <efrad-person:fieldOfActivity type="expertise">Film</efrad-person:fieldOfActivity>
      <efrad-person:fieldOfActivity type="expertise">Opera</efrad-person:fieldOfActivity>
      <efrad-person:professionOccupation>Composer</efrad-person:professionOccupation>
      <efrad-person:professionOccupation>Conductor</efrad-person:professionOccupation>
      <efrad-person:professionOccupation>Critic</efrad-person:professionOccupation>
      <efrad-person:professionOccupation>Educator</efrad-person:professionOccupation>
      <efrad-person:biographyHistory>American composer. The son of immigrant Jewish parents
                from Lithuania, he learnt the piano from the age of 13 and had theory lessons from
                Rubin Goldmark. He then studied with Nadia Boulanger in Paris (1921–4) and, as one
                of her first American pupils, gained a facility for neo-classicism which he
                skilfully and brashly combined with jazz in his Piano Concerto (1926). This and
                other early works, including the Dance Symphony (1925) and Piano Variations (1930),
                quickly gained him a reputation in America as a daring modernist (Source: The Oxford
                Companion to Music, Oxford Music Online. Accessed
                3/1/2010).
      </efrad-person:biographyHistory>
    </efrbr-person:person>

    <efrbr-person:person identifier="http://vfrbr.info/person/4">
      <efrbr-person:nameOfPerson type="authorized" vocabulary="naf">Burton,
                Anthony
      </efrbr-person:nameOfPerson>
      <efrad-person:gender vocabulary="vfrbrgender">Male</efrad-person:gender>
      <efrad-person:country type="residence" normal="Great Britain" vocabulary="lcsh">United
                Kingdom
      </efrad-person:country>
      <efrad-person:placeOfResidence normal="North Hertfordshire (England)" vocabulary="lcsh" timeframe="former">North Hertfordshire, UK</efrad-person:placeOfResidence>
      <efrad-person:placeOfResidence normal="Cambridge (England)" vocabulary="lcsh" timeframe="former">Cambridge, UK</efrad-person:placeOfResidence>
      <efrad-person:placeOfResidence normal="Hanover (N.H.)" vocabulary="lcsh" timeframe="former">Hanover, NH</efrad-person:placeOfResidence>
      <efrad-person:placeOfResidence normal="Manchester (England)" vocabulary="lcsh" timeframe="former">Manchester, UK</efrad-person:placeOfResidence>
      <efrad-person:placeOfResidence normal="London (England)" vocabulary="lcsh" timeframe="current">London, UK</efrad-person:placeOfResidence>
      <efrad-person:affiliation type="membership">Hertfordshire Chamber
                Orchestra
      </efrad-person:affiliation>
      <efrad-person:affiliation type="education">Trinity College,
                Cambridge
      </efrad-person:affiliation>
      <efrad-person:affiliation type="education">Dartmouth College, New
                England
      </efrad-person:affiliation>
      <efrad-person:affiliation type="employment">North West Arts,
                Manchester
      </efrad-person:affiliation>
      <efrad-person:affiliation type="employment">BBC Radio 3</efrad-person:affiliation>
      <efrad-person:languageOfPerson normal="eng" vocabulary="iso639-2b">English</efrad-person:languageOfPerson>
      <efrad-person:fieldOfActivity type="employment">Arts
                Administration
      </efrad-person:fieldOfActivity>
      <efrad-person:fieldOfActivity type="employment">Radio</efrad-person:fieldOfActivity>
      <efrad-person:fieldOfActivity type="employment">Recording
                Industry
      </efrad-person:fieldOfActivity>
      <efrad-person:professionOccupation>Arts
                Administrator
      </efrad-person:professionOccupation>
      <efrad-person:professionOccupation>Radio Producer</efrad-person:professionOccupation>
      <efrad-person:professionOccupation>Radio Manager</efrad-person:professionOccupation>
      <efrad-person:professionOccupation>Radio Broadcaster</efrad-person:professionOccupation>
      <efrad-person:professionOccupation>Record Producer</efrad-person:professionOccupation>
      <efrad-person:professionOccupation>Editor</efrad-person:professionOccupation>
      <efrad-person:professionOccupation>Record Reviewer</efrad-person:professionOccupation>
      <efrad-person:professionOccupation>Oboist</efrad-person:professionOccupation>
      <efrad-person:biographyHistory>On BBC World Service, [Anthony Burton] presented the
                390-part series The Story of Western Music, and regularly presents Music Review.
                Tony is also a record producer, the editor of the forthcoming Associated Board
                series of Performers' Guides, a record reviewer for BBC Music Magazine, and the
                author of literally thousands of programme notes, and a history of the BBC Singers.
                (Source: http://www.bbc.co.uk/radio3/presenters/anthony_burton.shtml. Accessed
                1/26/2010)
      </efrad-person:biographyHistory>
    </efrbr-person:person>

    <efrbr-corporateBody:corporateBody identifier="http://vfrbr.info/corporateBody/1">
      <efrbr-corporateBody:nameOfTheCorporateBody type="authorized" vocabulary="naf">New York
                Philharmonic
      </efrbr-corporateBody:nameOfTheCorporateBody>
      <efrbr-corporateBody:nameOfTheCorporateBody type="variant" vocabulary="naf">Philharmonic-Symphony Society of New
                York
      </efrbr-corporateBody:nameOfTheCorporateBody>
      <efrbr-corporateBody:nameOfTheCorporateBody type="variant" vocabulary="naf">New York
                Philharmonic-Symphony Orchestra
      </efrbr-corporateBody:nameOfTheCorporateBody>
      <efrbr-corporateBody:nameOfTheCorporateBody type="variant" vocabulary="naf">Philharmonic-Symphony Orchestra (New York,
                N.Y.)
      </efrbr-corporateBody:nameOfTheCorporateBody>
      <efrbr-corporateBody:nameOfTheCorporateBody type="variant" vocabulary="naf">Philharmonic-Symphony Orchestra of New
                York
      </efrbr-corporateBody:nameOfTheCorporateBody>
      <efrbr-corporateBody:nameOfTheCorporateBody type="variant" vocabulary="naf">New York
                Philharmonic-Symphony Society
      </efrbr-corporateBody:nameOfTheCorporateBody>
      <efrbr-corporateBody:nameOfTheCorporateBody type="variant" vocabulary="naf">Orchestra
                filarmonica di New York
      </efrbr-corporateBody:nameOfTheCorporateBody>
      <efrbr-corporateBody:nameOfTheCorporateBody type="variant" vocabulary="naf">New York
                Philharmonic Orchestra
      </efrbr-corporateBody:nameOfTheCorporateBody>
      <efrbr-corporateBody:nameOfTheCorporateBody type="variant" vocabulary="naf">Philharmonisches Orchester New York</efrbr-corporateBody:nameOfTheCorporateBody>
      <efrbr-corporateBody:nameOfTheCorporateBody type="variant" vocabulary="naf">Nʹi︠u︡-Ĭorkskiĭ filarmonicheskiĭ
                orkestr
      </efrbr-corporateBody:nameOfTheCorporateBody>
      <efrbr-corporateBody:nameOfTheCorporateBody type="variant" vocabulary="naf">Philharmonisches Symphonieorchester New
                York
      </efrbr-corporateBody:nameOfTheCorporateBody>
      <efrbr-corporateBody:nameOfTheCorporateBody type="variant" vocabulary="naf">Philharmonische Symphonieorchester New
                York
      </efrbr-corporateBody:nameOfTheCorporateBody>
      <efrbr-corporateBody:nameOfTheCorporateBody type="variant" vocabulary="naf">Orchestre
                Philharmonique de New York
      </efrbr-corporateBody:nameOfTheCorporateBody>
      <efrbr-corporateBody:nameOfTheCorporateBody type="variant" vocabulary="naf">Philharmonic-Symphony Orch. of New
                York
      </efrbr-corporateBody:nameOfTheCorporateBody>
      <efrbr-corporateBody:nameOfTheCorporateBody type="variant" vocabulary="naf">Philharmonic-Symphony Orch. of N.Y.</efrbr-corporateBody:nameOfTheCorporateBody>
      <efrbr-corporateBody:nameOfTheCorporateBody type="variant" vocabulary="naf">Orquesta
                Filarmonica de Nueva York
      </efrbr-corporateBody:nameOfTheCorporateBody>
      <efrbr-corporateBody:nameOfTheCorporateBody type="variant" vocabulary="naf">Orchestre
                Philharmonique-Symphonique de New York
      </efrbr-corporateBody:nameOfTheCorporateBody>
      <efrbr-corporateBody:nameOfTheCorporateBody type="variant" vocabulary="naf">Philharmonic
                Symphony of New York
      </efrbr-corporateBody:nameOfTheCorporateBody>
      <efrbr-corporateBody:placeAssociatedWithTheCorporateBody jurisdiction="city" normal="New York (N.Y.)" vocabulary="lcsh">New York,
                NY
      </efrbr-corporateBody:placeAssociatedWithTheCorporateBody>
      <efrbr-corporateBody:dateAssociatedWithTheCorporateBody type="single" normal="1842" function="creation">1842-</efrbr-corporateBody:dateAssociatedWithTheCorporateBody>
      <efrad-corporateBody:languageOfTheCorporateBody normal="eng" vocabulary="iso639-2b">English</efrad-corporateBody:languageOfTheCorporateBody>
      <efrad-corporateBody:address type="postal" availability="public" timeframe="current">New
                York Philharmonic / Avery Fisher Hall / 10 Lincoln Center Plaza / New York, NY
                10023-6970
      </efrad-corporateBody:address>
      <efrad-corporateBody:address type="website" availability="public" timeframe="current">http://nyphil.org/</efrad-corporateBody:address>
      <efrad-corporateBody:history>Founded in 1842 by a group of local musicians led by
                American-born Ureli Corelli Hill, the New York Philharmonic is by far the oldest
                symphony orchestra in the United States, and one of the oldest in the world. It
                currently plays some 180 concerts a year, and on December 18, 2004, gave its
                14,000th concert — a milestone unmatched by any other symphony orchestra in the
                world. (Source: http://nyphil.org/about/overview.cfm. Accessed
                1/26/2010)
      </efrad-corporateBody:history>
    </efrbr-corporateBody:corporateBody>

    <efrbr-corporateBody:corporateBody identifier="http://vfrbr.info/corporateBody/2">
      <efrbr-corporateBody:nameOfTheCorporateBody type="authorized" vocabulary="naf">Deutsche
                Grammophon (Firm)
      </efrbr-corporateBody:nameOfTheCorporateBody>
      <efrbr-corporateBody:nameOfTheCorporateBody type="variant" vocabulary="naf">"Grammophon"
                (Firm)
      </efrbr-corporateBody:nameOfTheCorporateBody>
      <efrbr-corporateBody:nameOfTheCorporateBody type="variant" vocabulary="naf">Deutsche
                Grammophon Gesellschaft m.b.H.
      </efrbr-corporateBody:nameOfTheCorporateBody>
      <efrbr-corporateBody:nameOfTheCorporateBody type="variant" vocabulary="naf">Deutsche
                Grammophon-Aktiengesellschaft
      </efrbr-corporateBody:nameOfTheCorporateBody>
      <efrbr-corporateBody:nameOfTheCorporateBody type="variant" vocabulary="naf">Deutsche
                Grammophon G.m.b.H.
      </efrbr-corporateBody:nameOfTheCorporateBody>
      <efrbr-corporateBody:placeAssociatedWithTheCorporateBody jurisdiction="city" normal="Hannover (Germany)" vocabulary="lcsh" timeframe="former">Hannover,
                Germany
      </efrbr-corporateBody:placeAssociatedWithTheCorporateBody>
      <efrbr-corporateBody:placeAssociatedWithTheCorporateBody jurisdiction="city" normal="Hamburg (Germany)" vocabulary="lcsh" timeframe="current">Hamburg,
                Germany
      </efrbr-corporateBody:placeAssociatedWithTheCorporateBody>
      <efrbr-corporateBody:dateAssociatedWithTheCorporateBody type="single" normal="1898" function="creation">1898-</efrbr-corporateBody:dateAssociatedWithTheCorporateBody>
      <efrbr-corporateBody:otherDesignationAssociatedWithTheCorporateBody>GmbH</efrbr-corporateBody:otherDesignationAssociatedWithTheCorporateBody>
      <efrad-corporateBody:languageOfTheCorporateBody normal="ger" vocabulary="iso639-2b">German</efrad-corporateBody:languageOfTheCorporateBody>
      <efrad-corporateBody:languageOfTheCorporateBody normal="eng" vocabulary="iso639-2b">English</efrad-corporateBody:languageOfTheCorporateBody>
      <efrad-corporateBody:address type="postal" availability="public" timeframe="current">Deutsche Grammophon GmbH / Baumwall 3 / 20459 Hamburg /
                Germany
      </efrad-corporateBody:address>
      <efrad-corporateBody:address type="website" availability="public" timeframe="current">http://www2.deutschegrammophon.com/</efrad-corporateBody:address>
      <efrad-corporateBody:fieldOfActivity>Ballet</efrad-corporateBody:fieldOfActivity>
      <efrad-corporateBody:fieldOfActivity>Classical
                Music
      </efrad-corporateBody:fieldOfActivity>
    </efrbr-corporateBody:corporateBody>

    <efrbr-corporateBody:corporateBody identifier="http://vfrbr.info/corporateBody/3">
      <efrbr-corporateBody:nameOfTheCorporateBody type="authorized" vocabulary="naf">William
                and Gayle Cook Music Library
      </efrbr-corporateBody:nameOfTheCorporateBody>
      <efrbr-corporateBody:nameOfTheCorporateBody type="variant" vocabulary="naf">Indiana
                University. Libraries. Music Library
      </efrbr-corporateBody:nameOfTheCorporateBody>
      <efrbr-corporateBody:nameOfTheCorporateBody type="variant" vocabulary="naf">Indiana
                University, Bloomington. School of Music. William and Gayle Cook Music
                Library
      </efrbr-corporateBody:nameOfTheCorporateBody>
      <efrbr-corporateBody:nameOfTheCorporateBody type="variant" vocabulary="naf">Indiana
                University. Libraries. William and Gayle Cook Music
                Library
      </efrbr-corporateBody:nameOfTheCorporateBody>
      <efrbr-corporateBody:nameOfTheCorporateBody type="variant" vocabulary="naf">Cook Music
                Library
      </efrbr-corporateBody:nameOfTheCorporateBody>
      <efrbr-corporateBody:nameOfTheCorporateBody type="variant" vocabulary="naf">Cook
                Library
      </efrbr-corporateBody:nameOfTheCorporateBody>
      <efrbr-corporateBody:placeAssociatedWithTheCorporateBody jurisdiction="city" normal="Bloomington (Ind.)" vocabulary="lcsh">Bloomington,
                IN
      </efrbr-corporateBody:placeAssociatedWithTheCorporateBody>
      <efrbr-corporateBody:dateAssociatedWithTheCorporateBody type="single" normal="1937" function="creation">1937?-</efrbr-corporateBody:dateAssociatedWithTheCorporateBody>
      <efrad-corporateBody:languageOfTheCorporateBody normal="eng" vocabulary="iso639-2b">English</efrad-corporateBody:languageOfTheCorporateBody>
      <efrad-corporateBody:address type="postal" availability="public" timeframe="current">Simon Music Library and Recital Center M160 / 200 South Jordan Avenue /
                Bloomington, Indiana 47405
      </efrad-corporateBody:address>
      <efrad-corporateBody:address type="website" availability="public" timeframe="current">http://www.libraries.iub.edu/index.php?pageId=90</efrad-corporateBody:address>
      <efrad-corporateBody:history>In 1921, when the IU Department of Music became the School
                of Music, Dean Winfred Merrill began collecting a library of recordings, books, and
                scores for student and faculty use. This library was housed in glass cases in the
                Dean's office, and was supervised by his secretary. By 1928 the collection was of
                sufficient size to be listed as a departmental library in the University's guide to
                the library. With the opening in 1937 of the new Music Building (since renamed for
                Dean Merrill), separate quarters were provided for the Music Library on the
                building's second floor. In 1939, Indiana's first full-time music librarian was
                appointed, Miss Ethyl Louise Lyman. (Source:
                http://www.libraries.iub.edu/index.php?pageId=3723. Accessed
                1/26/2010)
      </efrad-corporateBody:history>
    </efrbr-corporateBody:corporateBody>

    <efrbr-concept:concept identifier="http://vfrbr.info/concept/1">
      <efrbr-concept:termForTheConcept type="authorized" vocabulary="lcsh">Theater</efrbr-concept:termForTheConcept>
      <efrbr-concept:termForTheConcept type="variant" vocabulary="lcsh">Dramatics</efrbr-concept:termForTheConcept>
      <efrbr-concept:termForTheConcept type="variant" vocabulary="lcsh">Histrionics</efrbr-concept:termForTheConcept>
      <efrbr-concept:termForTheConcept type="variant" vocabulary="lcsh">Professional
                theater
      </efrbr-concept:termForTheConcept>
      <efrbr-concept:termForTheConcept type="variant" vocabulary="lcsh">Stage</efrbr-concept:termForTheConcept>
      <efrbr-concept:termForTheConcept type="variant" vocabulary="lcsh">Theatre</efrbr-concept:termForTheConcept>
    </efrbr-concept:concept>

    <efrbr-place:place identifier="http://vfrbr.info/place/1">
      <efrbr-place:termForThePlace type="authorized" jurisdiction="country" vocabulary="lcsh">Mexico</efrbr-place:termForThePlace>
      <efrbr-place:termForThePlace type="variant" jurisdiction="country" vocabulary="lcsh">Meksiko</efrbr-place:termForThePlace>
      <efrbr-place:termForThePlace type="variant" jurisdiction="country" vocabulary="lcsh">Stany Zjednoczone Meksyku</efrbr-place:termForThePlace>
      <efrbr-place:termForThePlace type="variant" jurisdiction="country" vocabulary="lcsh">Meksyk</efrbr-place:termForThePlace>
      <efrbr-place:termForThePlace type="variant" jurisdiction="country" vocabulary="lcsh">Estados Unidos Mexicanos</efrbr-place:termForThePlace>
      <efrbr-place:termForThePlace type="variant" jurisdiction="country" vocabulary="lcsh">Meḳsiḳe</efrbr-place:termForThePlace>
      <efrbr-place:termForThePlace type="variant" jurisdiction="country" vocabulary="lcsh">Mexique</efrbr-place:termForThePlace>
      <efrbr-place:termForThePlace type="variant" jurisdiction="country" vocabulary="lcsh">Messico</efrbr-place:termForThePlace>
      <efrbr-place:termForThePlace type="variant" jurisdiction="country" vocabulary="lcsh">Méjico</efrbr-place:termForThePlace>
      <efrbr-place:termForThePlace type="variant" jurisdiction="country" vocabulary="lcsh">República Mexicana</efrbr-place:termForThePlace>
      <efrbr-place:termForThePlace type="variant" jurisdiction="country" vocabulary="lcsh">United States of Mexico</efrbr-place:termForThePlace>
      <efrbr-place:termForThePlace type="variant" jurisdiction="country" vocabulary="lcsh">United Mexican States</efrbr-place:termForThePlace>
    </efrbr-place:place>
  </efrbr:entities>

  <efrbr:relationships>
    <efrbr-structure:structureRelations>
      <efrbr-structure:realizedThrough sourceEntity="work"
                                       sourceURI="http://vfrbr.info/work/1"
                                       targetEntity="expression"
                                       targetURI="http://vfrbr.info/expression/1"
                                       />
      <efrbr-structure:realizedThrough sourceEntity="work"
                                       sourceURI="http://vfrbr.info/work/2"
                                       targetEntity="expression"
                                       targetURI="http://vfrbr.info/expression/2"
                                       />
      <efrbr-structure:realizedThrough sourceEntity="work"
                                       sourceURI="http://vfrbr.info/work/3"
                                       targetEntity="expression"
                                       targetURI="http://vfrbr.info/expression/3"
                                       />
      <efrbr-structure:realizedThrough sourceEntity="work"
                                       sourceURI="http://vfrbr.info/work/4"
                                       targetEntity="expression"
                                       targetURI="http://vfrbr.info/expression/4"
                                       />
      <efrbr-structure:embodiedIn sourceEntity="expression"
                                  sourceURI="http://vfrbr.info/expression/1"
                                  targetEntity="manifestation"
                                  targetURI="http://vfrbr.info/manifestation/1"
                                  />
      <efrbr-structure:embodiedIn sourceEntity="expression"
                                  sourceURI="http://vfrbr.info/expression/2"
                                  targetEntity="manifestation"
                                  targetURI="http://vfrbr.info/manifestation/1"
                                  />
      <efrbr-structure:embodiedIn sourceEntity="expression"
                                  sourceURI="http://vfrbr.info/expression/3"
                                  targetEntity="manifestation"
                                  targetURI="http://vfrbr.info/manifestation/1"
                                  />
      <efrbr-structure:embodiedIn sourceEntity="expression"
                                  sourceURI="http://vfrbr.info/expression/4"
                                  targetEntity="manifestation"
                                  targetURI="http://vfrbr.info/manifestation/1"
                                  />
      <efrbr-structure:exemplifiedBy sourceEntity="manifestation"
                                     sourceURI="http://vfrbr.info/manifestation/1"
                                     targetEntity="item"
                                     targetURI="http://vfrbr.info/item/1"
                                     />
      <efrbr-structure:exemplifiedBy sourceEntity="manifestation"
                                     sourceURI="http://vfrbr.info/manifestation/2"
                                     targetEntity="item"
                                     targetURI="http://vfrbr.info/item/2"
                                     />
    </efrbr-structure:structureRelations>

    <efrbr-responsible:responsibleRelations>
      <efrbr-responsible:createdBy sourceEntity="work"
                                   sourceURI="http://vfrbr.info/work/1"
                                   targetEntity="person"
                                   targetURI="http://vfrbr.info/person/3"
                                   />
      <efrbr-responsible:createdBy sourceEntity="work"
                                   sourceURI="http://vfrbr.info/work/2"
                                   targetEntity="person"
                                   targetURI="http://vfrbr.info/person/3"
                                   />
      <efrbr-responsible:createdBy sourceEntity="work"
                                   sourceURI="http://vfrbr.info/work/3"
                                   targetEntity="person"
                                   targetURI="http://vfrbr.info/person/3"
                                   />
      <efrbr-responsible:createdBy sourceEntity="work"
                                   sourceURI="http://vfrbr.info/work/4"
                                   targetEntity="person"
                                   targetURI="http://vfrbr.info/person/3"
                                   />
      <efrbr-responsible:realizedBy sourceEntity="expression"
                                    sourceURI="http://vfrbr.info/expression/1"
                                    targetEntity="corporateBody"
                                    targetURI="http://vfrbr.info/corporateBody/1"
                                    />
      <efrbr-responsible:realizedBy sourceEntity="expression"
                                    sourceURI="http://vfrbr.info/expression/1"
                                    targetEntity="person"
                                    targetURI="http://vfrbr.info/person/1"
                                    />
      <efrbr-responsible:realizedBy sourceEntity="expression"
                                    sourceURI="http://vfrbr.info/expression/2"
                                    targetEntity="corporateBody"
                                    targetURI="http://vfrbr.info/corporateBody/1"
                                    />
      <efrbr-responsible:realizedBy sourceEntity="expression"
                                    sourceURI="http://vfrbr.info/expression/2"
                                    targetEntity="person"
                                    targetURI="http://vfrbr.info/person/1"
                                    />
      <efrbr-responsible:realizedBy sourceEntity="expression"
                                    sourceURI="http://vfrbr.info/expression/2"
                                    targetEntity="person"
                                    targetURI="http://vfrbr.info/person/2"
                                    />
      <efrbr-responsible:realizedBy sourceEntity="expression"
                                    sourceURI="http://vfrbr.info/expression/3"
                                    targetEntity="corporateBody"
                                    targetURI="http://vfrbr.info/corporateBody/1"
                                    />
      <efrbr-responsible:realizedBy sourceEntity="expression"
                                    sourceURI="http://vfrbr.info/expression/3"
                                    targetEntity="person"
                                    targetURI="http://vfrbr.info/person/1"
                                    />
      <efrbr-responsible:realizedBy sourceEntity="expression"
                                    sourceURI="http://vfrbr.info/expression/4"
                                    targetEntity="corporateBody"
                                    targetURI="http://vfrbr.info/corporateBody/1"
                                    />
      <efrbr-responsible:realizedBy sourceEntity="expression"
                                    sourceURI="http://vfrbr.info/expression/4"
                                    targetEntity="person"
                                    targetURI="http://vfrbr.info/person/1"
                                    />
      <efrbr-responsible:producedBy sourceEntity="manifestation"
                                    sourceURI="http://vfrbr.info/manifestation/1"
                                    targetEntity="person"
                                    targetURI="http://vfrbr.info/person/1"
                                    />
      <efrbr-responsible:producedBy sourceEntity="manifestation"
                                    sourceURI="http://vfrbr.info/manifestation/1"
                                    targetEntity="person"
                                    targetURI="http://vfrbr.info/person/4"
                                    />
      <efrbr-responsible:producedBy sourceEntity="manifestation"
                                    sourceURI="http://vfrbr.info/manifestation/1"
                                    targetEntity="corporateBody"
                                    targetURI="http://vfrbr.info/corporateBody/2"
                                    />
      <efrbr-responsible:producedBy sourceEntity="manifestation"
                                    sourceURI="http://vfrbr.info/manifestation/2"
                                    targetEntity="corporateBody"
                                    targetURI="http://vfrbr.info/corporateBody/3"
                                    />
      <efrbr-responsible:ownedBy sourceEntity="item"
                                 sourceURI="http://vfrbr.info/item/1"
                                 targetEntity="corporateBody"
                                 targetURI="http://vfrbr.info/corporateBody/3"
                                 />
      <efrbr-responsible:ownedBy sourceEntity="item"
                                 sourceURI="http://vfrbr.info/item/2"
                                 targetEntity="corporateBody"
                                 targetURI="http://vfrbr.info/corporateBody/3"
                                 />
    </efrbr-responsible:responsibleRelations>

    <efrbr-subject:subjectRelations>
      <efrbr-subject:hasSubject sourceEntity="work"
                                sourceURI="http://vfrbr.info/work/1"
                                targetEntity="place"
                                targetURI="http://vfrbr.info/place/1"
                                />
      <efrbr-subject:hasSubject sourceEntity="work"
                                sourceURI="http://vfrbr.info/work/3"
                                targetEntity="concept"
                                targetURI="http://vfrbr.info/concept/1"
                                />
    </efrbr-subject:subjectRelations>

    <efrbr-other:otherRelations>
      <efrbr-other:hasReproduction sourceEntity="manifestation"
                                   sourceURI="http://vfrbr.info/manifestation/1"
                                   targetEntity="manifestation"
                                   targetURI="http://vfrbr.info/manifestation/2"
                                   />

      <efrbr-other:hasReproduction sourceEntity="item"
                                   sourceURI="http://vfrbr.info/item/1"
                                   targetEntity="manifestation"
                                   targetURI="http://vfrbr.info/manifestation/2"
                                   />
    </efrbr-other:otherRelations>
  </efrbr:relationships>

</efrbr:recordSet>